TCode,ID,Name_G,Name_E,DCode,MDDS_Code,IsVerified
0001,8,Behat,Behat,1,701,True
0002,9,Saharanpur,Saharanpur,1,702,True
0003,10,Nakur,Nakur,1,703,True
0004,11,Deoband,Deoband,1,704,True
0005,12,Rampur Maniharan **,Rampur Maniharan **,1,705,True
0006,13,Kairana,Kairana,74,706,True
0007,14,Shamli,Shamli,74,707,True
0008,167,Muzaffarnagar,Muzaffarnagar,2,708,True
0009,168,Budhana,Budhana,2,709,True
0010,169,Khatauli **,Khatauli **,2,710,True
0011,170,Jansath,Jansath,2,711,True
0012,171,Najibabad,Najibabad,3,712,True
0013,172,Bijnor,Bijnor,3,713,True
0014,7,Nagina,Nagina,3,714,True
0015,6,Dhampur,Dhampur,3,715,True
0016,5,Chandpur,Chandpur,3,716,True
0017,4,Thakurdwara,Thakurdwara,4,717,True
0018,166,Kanth **,Kanth **,4,718,True
0019,165,Moradabad,Moradabad,4,719,True
0020,164,Bilari,Bilari,4,720,True
0021,163,Sambhal,Sambhal,75,721,True
0022,162,Chandausi,Chandausi,75,722,True
0023,161,Suar,Suar,5,723,True
0024,160,Tanda **,Tanda **,5,724,True
0025,159,Bilaspur,Bilaspur,5,725,True
0026,158,Rampur,Rampur,5,726,True
0027,157,Shahabad ,Shahabad ,5,727,True
0028,156,Milak ,Milak ,5,728,True
0029,155,Dhanaura,Dhanaura,6,729,True
0030,3,Amroha,Amroha,6,730,True
0031,231,Hasanpur,Hasanpur,6,731,True
0032,232,Sardhana,Sardhana,7,732,True
0033,233,Mawana,Mawana,7,733,True
0034,234,Meerut,Meerut,7,734,True
0035,235,Baraut,Baraut,8,735,True
0036,43,Baghpat,Baghpat,8,736,True
0037,44,Khekada,Khekada,8,737,True
0038,45,Modinagar,Modinagar,9,738,True
0039,46,Ghaziabad,Ghaziabad,9,739,True
0040,47,Hapur,Hapur,76,740,True
0041,48,Garhmukteshwar,Garhmukteshwar,9,,False
0042,49,Dadri,Dadri,10,742,True
0043,50,Gautam Buddha Nagar,Gautam Buddha Nagar,10,743,True
0044,51,Jewar,Jewar,10,744,True
0045,52,Sikandrabad,Sikandrabad,11,745,True
0046,53,Bulandshahr,Bulandshahr,11,746,True
0047,54,Siana,Siana,11,747,True
0048,55,Anupshahr,Anupshahr,11,748,True
0049,56,Debai,Debai,11,749,True
0050,57,Shikarpur,Shikarpur,11,750,True
0051,205,Khurja ,Khurja ,11,751,True
0052,206,Khair,Khair,12,752,True
0053,207,Gabhana,Gabhana,12,753,True
0054,208,Atrauli,Atrauli,12,754,True
0055,209,Koil,Koil,12,755,True
0056,210,Iglas,Iglas,12,756,True
0057,211,Sasni,Sasni,13,757,True
0058,212,Sikandra Rao ,Sikandra Rao ,13,758,True
0059,213,Hathras,Hathras,13,759,True
0060,214,Sadabad,Sadabad,13,760,True
0061,215,Chhata,Chhata,14,761,True
0062,216,Mat,Mat,14,762,True
0063,217,Mahaban **,Mahaban **,14,763,True
0064,218,Mathura,Mathura,14,764,True
0065,219,Etmadpur,Etmadpur,15,765,True
0066,220,Agra,Agra,15,766,True
0067,58,Kiraoli,Kiraoli,15,767,True
0068,59,Kheragarh,Kheragarh,15,768,True
0069,60,Fatehabad,Fatehabad,15,769,True
0070,61,Bah,Bah,15,770,True
0071,62,Tundla,Tundla,16,771,True
0072,63,Firozabad,Firozabad,16,772,True
0073,64,Jasrana ,Jasrana ,16,773,True
0074,65,Shikohabad ,Shikohabad ,16,774,True
0075,66,Mainpuri,Mainpuri,18,775,True
0076,67,Karhal,Karhal,18,776,True
0077,68,Bhogaon ,Bhogaon ,18,777,True
0078,69,Gunnaur ,Gunnaur ,75,778,True
0079,70,Bisauli ,Bisauli ,19,779,True
0080,71,Bilsi,Bilsi,19,780,True
0081,221,Sahaswan,Sahaswan,19,781,True
0082,222,Budaun,Budaun,19,782,True
0083,223,Dataganj,Dataganj,19,783,True
0084,224,Baheri,Baheri,20,784,True
0085,225,Meerganj ,Meerganj ,20,785,True
0086,226,Aonla ,Aonla ,20,786,True
0087,227,Bareilly ,Bareilly ,20,787,True
0088,228,Nawabganj ,Nawabganj ,20,788,True
0089,229,Faridpur ,Faridpur ,20,789,True
0090,72,Pilibhit ,Pilibhit ,21,790,True
0091,73,Bisalpur,Bisalpur,21,791,True
0092,74,Puranpur,Puranpur,21,792,True
0093,75,Powayan,Powayan,22,793,True
0094,76,Tilhar,Tilhar,22,794,True
0095,230,Shahjahanpur,Shahjahanpur,22,795,True
0096,236,Jalalabad,Jalalabad,22,796,True
0097,237,Nighasan,Nighasan,23,797,True
0098,238,Palia **,Palia **,23,798,True
0099,239,Gola Gokaran Nath,Gola Gokaran Nath,23,799,True
0100,240,Mohammdi,Mohammdi,23,800,True
0101,77,Lakhimpur,Lakhimpur,23,801,True
0102,78,Dhaurahara,Dhaurahara,23,802,True
0103,79,Misrikh,Misrikh,24,803,True
0104,80,Sitapur,Sitapur,24,804,True
0105,81,Laharpur ,Laharpur ,24,805,True
0106,82,Biswan,Biswan,24,806,True
0107,83,Mahmudabad,Mahmudabad,24,807,True
0108,84,Sidhauli,Sidhauli,24,808,True
0109,85,Shahabad,Shahabad,25,809,True
0110,241,Sawayajpur,Sawayajpur,25,810,True
0111,242,Hardoi ,Hardoi ,25,811,True
0112,243,Bilgram,Bilgram,25,812,True
0113,244,Sandila ,Sandila ,25,813,True
0114,245,Safipur,Safipur,26,814,True
0115,246,Hasanganj ,Hasanganj ,26,815,True
0116,247,Unnao,Unnao,26,816,True
0117,248,Purwa ,Purwa ,26,817,True
0118,86,Bighapur,Bighapur,26,818,True
0119,87,Malihabad,Malihabad,27,819,True
0120,88,Bakshi Ka Talab,Bakshi Ka Talab,27,820,True
0121,89,Lucknow,Lucknow,27,821,True
0122,90,Mohanlalganj ,Mohanlalganj ,27,822,True
0123,91,Maharajganj,Maharajganj,28,823,True
0124,92,Tiloi,Tiloi,28,,False
0125,93,Rae Bareli ,Rae Bareli ,28,825,True
0126,94,Lalganj ,Lalganj ,28,826,True
0127,95,Dalmau ,Dalmau ,28,827,True
0128,96,Unchahar,Unchahar,28,828,True
0129,97,Salon,Salon,28,829,True
0130,98,Kaimganj,Kaimganj,29,830,True
0131,249,Amritpur,Amritpur,29,831,True
0132,250,Farrukhabad ,Farrukhabad ,29,832,True
0133,251,Chhibramau,Chhibramau,30,833,True
0134,252,Kannauj,Kannauj,30,834,True
0135,253,Tirwa,Tirwa,30,835,True
0136,254,Jaswantnagar,Jaswantnagar,31,836,True
0137,255,Saifai,Saifai,31,837,True
0138,256,Etawah,Etawah,31,838,True
0139,257,Bharthana,Bharthana,31,839,True
0140,258,Chakarnagar,Chakarnagar,31,840,True
0141,259,Bidhuna,Bidhuna,32,841,True
0142,260,Auraiya ,Auraiya ,32,842,True
0143,261,Rasulabad ,Rasulabad ,33,843,True
0144,99,Derapur,Derapur,33,844,True
0145,100,Akbarpur ,Akbarpur ,33,845,True
0146,101,Bhognipur,Bhognipur,33,846,True
0147,102,Sikandra,Sikandra,33,847,True
0148,103,Bilhaur ,Bilhaur ,34,848,True
0149,104,Kanpur ,Kanpur ,34,849,True
0150,105,Ghatampur ,Ghatampur ,34,850,True
0151,106,Madhogarh,Madhogarh,35,851,True
0152,107,Jalaun,Jalaun,35,852,True
0153,108,Kalpi ,Kalpi ,35,853,True
0154,109,Orai,Orai,35,854,True
0155,110,Konch,Konch,35,855,True
0156,111,Moth,Moth,36,856,True
0157,262,Garautha,Garautha,36,857,True
0158,263,Tahrauli,Tahrauli,36,858,True
0159,264,Mauranipur,Mauranipur,36,859,True
0160,265,Jhansi,Jhansi,36,860,True
0161,266,Talbehat,Talbehat,37,861,True
0162,267,Lalitpur ,Lalitpur ,37,862,True
0163,268,Mahroni,Mahroni,37,863,True
0164,269,Hamirpur,Hamirpur,38,864,True
0165,270,Rath,Rath,38,865,True
0166,271,Sarila **,Sarila **,38,866,True
0167,272,Maudaha,Maudaha,38,867,True
0168,273,Kulpahar,Kulpahar,39,868,True
0169,274,Charkhari,Charkhari,39,869,True
0170,275,Mahoba ,Mahoba ,39,870,True
0171,276,Banda,Banda,40,871,True
0172,277,Baberu,Baberu,40,872,True
0173,278,Atarra ,Atarra ,40,873,True
0174,279,Naraini,Naraini,40,874,True
0175,280,Karwi,Karwi,41,875,True
0176,112,Mau,Mau,41,876,True
0177,113,Bindki,Bindki,42,877,True
0178,114,Fatehpur,Fatehpur,42,878,True
0179,115,Khaga ,Khaga ,42,879,True
0180,116,Lalganj ,Lalganj ,43,880,True
0181,117,Kunda,Kunda,43,881,True
0182,118,Pratapgarh,Pratapgarh,43,882,True
0183,281,Patti,Patti,43,883,True
0184,282,Raniganj **,Raniganj **,43,884,True
0185,283,Sirathu,Sirathu,44,885,True
0186,284,Manjhanpur ,Manjhanpur ,44,886,True
0187,285,Chail,Chail,44,887,True
0188,286,Soraon,Soraon,45,888,True
0189,287,Phulpur ,Phulpur ,45,889,True
0190,288,Allahabad,Allahabad,45,890,True
0191,289,Bara  ,Bara  ,45,891,True
0192,290,Karchhana ,Karchhana ,45,892,True
0193,291,Handia,Handia,45,893,True
0194,292,Meja,Meja,45,894,True
0195,293,Koraon,Koraon,45,895,True
0196,294,Fatehpur,Fatehpur,46,896,True
0197,295,Ramnagar ,Ramnagar ,46,897,True
0198,296,Nawabganj ,Nawabganj ,46,898,True
0199,297,Sirauli Gauspur,Sirauli Gauspur,46,899,True
0200,298,Ramsanehighat,Ramsanehighat,46,900,True
0201,299,Haidergarh,Haidergarh,46,901,True
0202,119,Rudauli,Rudauli,47,902,True
0203,120,Milkipur,Milkipur,47,903,True
0204,121,Sohawal,Sohawal,47,904,True
0205,122,Faizabad,Faizabad,47,905,True
0206,123,Bikapur,Bikapur,47,906,True
0207,124,Tanda,Tanda,48,907,True
0208,125,Allapur,Allapur,48,908,True
0209,126,Jalalpur ,Jalalpur ,48,909,True
0210,127,Akbarpur,Akbarpur,48,910,True
0211,128,Bhiti **,Bhiti **,48,911,True
0212,300,Musafirkhana ,Musafirkhana ,49,,False
0213,301,Gauriganj,Gauriganj,49,,False
0214,302,Amethi ,Amethi ,73,,False
0215,303,Sultanpur,Sultanpur,49,915,True
0216,304,Jai Singh Pur **,Jai Singh Pur **,49,916,True
0217,305,Lambhua,Lambhua,49,917,True
0218,306,Kadipur ,Kadipur ,49,918,True
0219,307,Nanpara ,Nanpara ,50,919,True
0220,308,Mahasi,Mahasi,50,920,True
0221,129,Bahraich,Bahraich,50,921,True
0222,130,Kaiserganj,Kaiserganj,50,922,True
0223,131,Bhinga,Bhinga,51,923,True
0224,132,Ikauna,Ikauna,51,924,True
0225,133,Balrampur,Balrampur,52,925,True
0226,134,Tulsipur,Tulsipur,52,926,True
0227,135,Utraula,Utraula,52,927,True
0228,136,Gonda ,Gonda ,53,928,True
0229,137,Colonelganj ,Colonelganj ,53,929,True
0230,138,Tarabganj,Tarabganj,53,930,True
0231,139,Mankapur ,Mankapur ,53,931,True
0232,140,Shohratgarh,Shohratgarh,54,932,True
0233,141,Naugarh,Naugarh,54,933,True
0234,142,Bansi,Bansi,54,934,True
0235,143,Itwa,Itwa,54,935,True
0236,144,Domariyaganj,Domariyaganj,54,936,True
0237,309,Bhanpur,Bhanpur,55,937,True
0238,310,Harraiya,Harraiya,55,938,True
0239,311,Basti,Basti,55,939,True
0240,312,Rudhauli **,Rudhauli **,55,940,True
0241,145,Mehdawal,Mehdawal,56,941,True
0242,146,Khalilabad,Khalilabad,56,942,True
0243,147,Ghanghata,Ghanghata,56,943,True
0244,22,Nautanwa,Nautanwa,57,944,True
0245,23,Nichlaul,Nichlaul,57,945,True
0246,24,Pharenda,Pharenda,57,946,True
0247,25,Maharajganj,Maharajganj,57,947,True
0248,185,Campierganj,Campierganj,58,948,True
0249,186,Sahjanwa,Sahjanwa,58,949,True
0250,187,Gorakhpur,Gorakhpur,58,950,True
0251,188,Chauri Chaura,Chauri Chaura,58,951,True
0252,189,Bansgaon,Bansgaon,58,952,True
0253,190,Khajni,Khajni,58,953,True
0254,191,Gola ,Gola ,58,954,True
0255,26,Padrauna,Padrauna,59,955,True
0256,27,Hata,Hata,59,956,True
0257,28,Kasya,Kasya,59,957,True
0258,29,Tamkuhi Raj,Tamkuhi Raj,59,958,True
0259,30,Deoria,Deoria,60,959,True
0260,31,Rudrapur,Rudrapur,60,960,True
0261,32,Barhaj,Barhaj,60,961,True
0262,33,Salempur,Salempur,60,962,True
0263,192,Bhatpar Rani,Bhatpar Rani,60,963,True
0264,193,Burhanpur,Burhanpur,61,964,True
0265,194,Sagri,Sagri,61,965,True
0266,195,Azamgarh ,Azamgarh ,61,966,True
0267,196,Nizamabad,Nizamabad,61,967,True
0268,34,Phulpur ,Phulpur ,61,968,True
0269,35,Lalganj,Lalganj,61,969,True
0270,36,Mehnagar,Mehnagar,61,970,True
0271,37,Ghosi,Ghosi,62,971,True
0272,38,Madhuban,Madhuban,62,972,True
0273,39,Maunath Bhanjan,Maunath Bhanjan,62,973,True
0274,40,Muhammadabad Gohna,Muhammadabad Gohna,62,974,True
0275,197,Belthara Road,Belthara Road,63,975,True
0276,198,Sikanderpur,Sikanderpur,63,976,True
0277,199,Rasra,Rasra,63,977,True
0278,200,Ballia,Ballia,63,978,True
0279,201,Bansdih,Bansdih,63,979,True
0280,202,Bairia,Bairia,63,980,True
0281,203,Shahganj,Shahganj,64,981,True
0282,204,Badlapur,Badlapur,64,982,True
0283,41,Machhlishahr,Machhlishahr,64,983,True
0284,42,Jaunpur ,Jaunpur ,64,984,True
0285,154,Mariahu ,Mariahu ,64,985,True
0286,2,Kerakat,Kerakat,64,986,True
0287,1,Jakhanian,Jakhanian,65,987,True
0288,153,Saidpur,Saidpur,65,988,True
0289,152,Ghazipur,Ghazipur,65,989,True
0290,151,Mohammadabad ,Mohammadabad ,65,990,True
0291,150,Zamania,Zamania,65,991,True
0292,149,Sakaldiha,Sakaldiha,66,992,True
0293,148,Chandauli,Chandauli,66,993,True
0294,173,Chakia,Chakia,66,994,True
0295,174,Pindra,Pindra,67,995,True
0296,175,Varanasi,Varanasi,67,996,True
0297,15,Bhadohi,Bhadohi,68,997,True
0298,16,Gyanpur,Gyanpur,68,998,True
0299,17,Aurai **,Aurai **,68,999,True
0300,18,Mirzapur,Mirzapur,69,1000,True
0301,19,Lalganj,Lalganj,69,1001,True
0302,20,Marihan,Marihan,69,1002,True
0303,176,Chunar,Chunar,69,1003,True
0304,177,Ghorawal,Ghorawal,70,1004,True
0305,178,Robertsganj,Robertsganj,70,1005,True
0306,179,Dudhi,Dudhi,70,1006,True
0307,180,Aliganj ,Aliganj ,71,1007,True
0308,181,Etah,Etah,71,1008,True
0309,182,Jalesar ,Jalesar ,71,1009,True
0310,183,Kasganj,Kasganj,72,1010,True
0311,184,Sahawar **,Sahawar **,72,1011,True
0312,21,Patiyali,Patiyali,72,1012,True
0313,314,Mushafir Khana,Mushafir Khana(NEW),73,,False
0314,315,Gauriganj,Gauriganj(NEW),73,,False
0315,316,Tiloee,Tiloee(NEW),73,,False
0316,317,Salon,Salon(NEW),73,,False
0317,318,Garh,Garh(NEW),76,741,True
0318,319,Dhaulana,Dhaulana(NEW),76,6032,True
